edge_id,start_id,end_id
0,449,0
1,1,451
2,1,454
3,1,24
4,453,2
5,2,454
6,2,451
7,23,2
8,461,3
9,3,480
10,479,3
11,464,3
12,4,413
13,4,436
14,4,484
15,448,4
16,5,422
17,423,5
18,5,405
19,424,5
20,5,404
21,346,6
22,493,6
23,402,6
24,492,6
25,18,6
26,495,7
27,17,7
28,332,7
29,302,7
30,8,300
31,8,308
32,8,303
33,8,306
34,8,330
35,8,329
36,258,9
37,9,16
38,254,9
39,10,15
40,10,244
41,210,11
42,201,11
43,202,11
44,139,12
45,13,100
46,13,139
47,200,14
48,201,14
49,207,14
50,205,14
51,244,15
52,258,16
53,271,16
54,495,17
55,302,17
56,272,17
57,401,18
58,402,18
59,407,18
60,492,18
61,423,19
62,19,422
63,424,19
64,425,19
65,20,426
66,20,436
67,20,413
68,20,414
69,20,432
70,21,437
71,21,435
72,21,419
73,21,486
74,21,438
75,460,22
76,468,22
77,470,22
78,23,454
79,453,23
80,23,451
81,24,452
82,24,451
83,25,602
84,25,617
85,489,26
86,472,26
87,26,463
88,478,26
89,27,415
90,27,411
91,27,403
92,28,306
93,28,307
94,304,28
95,28,303
96,28,330
97,28,329
98,29,312
99,29,327
100,29,334
101,29,337
102,326,29
103,29,30
104,30,312
105,31,359
106,31,305
107,32,314
108,32,321
109,33,314
110,100,145
111,144,100
112,103,100
113,100,154
114,102,100
115,101,142
116,101,143
117,101,128
118,102,128
119,102,13
120,144,102
121,144,103
122,103,145
123,153,103
124,103,154
125,104,143
126,139,105
127,143,105
128,138,105
129,106,138
130,106,157
131,206,106
132,107,108
133,107,200
134,107,109
135,110,108
136,157,108
137,109,110
138,109,112
139,109,120
140,109,213
141,110,146
142,110,111
143,137,111
144,112,111
145,111,116
146,112,120
147,112,113
148,112,213
149,113,114
150,113,126
151,119,114
152,114,127
153,119,115
154,125,115
155,115,116
156,117,116
157,118,116
158,125,116
159,148,116
160,119,116
161,121,116
162,121,122
163,121,132
164,147,122
165,122,203
166,122,225
167,126,127
168,222,127
169,128,152
170,151,129
171,129,152
172,153,129
173,103,129
174,158,130
175,151,130
176,153,130
177,131,141
178,106,131
179,133,132
180,133,149
181,146,137
182,139,145
183,157,141
184,142,141
185,146,141
186,143,142
187,148,142
188,144,145
189,144,153
190,145,154
191,146,157
192,146,148
193,149,148
194,150,149
195,150,151
196,149,151
197,151,152
198,153,151
199,155,154
200,155,156
201,158,156
202,200,157
203,158,439
204,158,440
205,158,490
206,206,200
207,200,205
208,200,208
209,201,236
210,201,211
211,209,202
212,210,202
213,261,202
214,207,202
215,204,203
216,225,203
217,206,205
218,207,205
219,206,207
220,206,14
221,207,236
222,208,202
223,212,211
224,215,211
225,212,214
226,212,213
227,236,212
228,236,213
229,207,213
230,215,216
231,256,215
232,217,216
233,256,216
234,218,216
235,219,216
236,219,217
237,217,257
238,218,219
239,218,220
240,219,220
241,221,220
242,231,220
243,221,222
244,226,221
245,223,222
246,234,222
247,235,222
248,222,225
249,225,224
250,226,225
251,227,225
252,226,227
253,229,227
254,229,228
255,229,230
256,232,230
257,268,230
258,231,232
259,231,233
260,231,267
261,236,211
262,237,238
263,237,244
264,237,269
265,244,238
266,238,257
267,246,238
268,247,238
269,238,269
270,239,238
271,239,247
272,239,258
273,239,262
274,244,257
275,256,245
276,261,245
277,245,264
278,264,246
279,263,246
280,247,246
281,247,262
282,262,248
283,263,248
284,250,248
285,250,249
286,251,249
287,253,249
288,250,251
289,252,251
290,252,270
291,266,252
292,254,252
293,600,253
294,254,266
295,254,258
296,255,258
297,255,269
298,256,257
299,256,201
300,264,257
301,265,258
302,263,259
303,260,259
304,261,260
305,263,262
306,264,263
307,265,266
308,453,268
309,244,269
310,301,270
311,271,258
312,271,302
313,271,272
314,272,495
315,272,496
316,300,330
317,300,331
318,301,300
319,300,600
320,303,300
321,301,302
322,301,331
323,301,330
324,332,302
325,272,302
326,302,495
327,304,303
328,303,330
329,303,329
330,303,306
331,303,308
332,304,305
333,304,328
334,304,338
335,304,306
336,304,307
337,305,359
338,305,312
339,306,308
340,310,306
341,306,309
342,307,306
343,307,309
344,310,308
345,308,309
346,311,309
347,310,309
348,310,311
349,313,312
350,327,312
351,326,312
352,337,312
353,314,313
354,326,313
355,325,313
356,324,313
357,321,314
358,400,314
359,401,315
360,316,315
361,317,315
362,318,315
363,316,317
364,320,316
365,319,316
366,321,317
367,319,318
368,319,315
369,320,319
370,320,322
371,320,321
372,324,321
373,321,322
374,323,322
375,324,322
376,324,323
377,323,343
378,326,324
379,324,325
380,324,342
381,324,343
382,304,325
383,338,325
384,327,325
385,335,325
386,334,325
387,326,325
388,326,337
389,326,327
390,327,337
391,334,327
392,327,328
393,327,335
394,338,328
395,328,335
396,334,328
397,330,329
398,331,329
399,338,329
400,330,331
401,332,495
402,332,331
403,332,352
404,334,337
405,334,336
406,334,335
407,337,335
408,336,335
409,339,335
410,338,335
411,336,337
412,336,339
413,357,336
414,358,337
415,338,340
416,338,339
417,341,339
418,340,352
419,353,340
420,354,340
421,341,340
422,340,339
423,341,355
424,341,354
425,342,325
426,358,342
427,342,343
428,344,343
429,345,343
430,356,344
431,351,344
432,345,323
433,345,348
434,346,493
435,346,402
436,347,346
437,347,348
438,347,493
439,349,348
440,348,350
441,351,348
442,349,350
443,349,353
444,349,494
445,349,354
446,351,350
447,350,354
448,350,341
449,350,355
450,350,339
451,351,356
452,351,355
453,351,354
454,353,352
455,354,352
456,353,354
457,357,355
458,356,355
459,354,355
460,356,358
461,357,356
462,357,358
463,344,358
464,401,400
465,400,403
466,401,405
467,401,402
468,401,407
469,492,402
470,402,407
471,493,402
472,403,404
473,422,404
474,423,404
475,405,404
476,406,405
477,405,422
478,423,405
479,421,406
480,407,408
481,409,407
482,427,407
483,492,407
484,409,408
485,410,408
486,492,408
487,409,410
488,492,409
489,437,410
490,411,412
491,27,412
492,423,412
493,425,412
494,426,412
495,414,413
496,413,436
497,414,411
498,435,419
499,437,419
500,486,419
501,420,458
502,420,459
503,421,422
504,406,422
505,427,422
506,424,422
507,411,423
508,423,422
509,424,423
510,423,425
511,423,426
512,424,425
513,424,429
514,424,430
515,426,425
516,425,430
517,431,425
518,411,426
519,426,436
520,427,428
521,429,427
522,424,427
523,429,428
524,433,428
525,429,422
526,429,430
527,429,433
528,431,430
529,433,430
530,431,436
531,426,431
532,432,431
533,433,431
534,434,432
535,432,433
536,435,433
537,434,436
538,434,435
539,435,437
540,484,436
541,437,486
542,437,438
543,470,438
544,471,438
545,438,469
546,486,438
547,419,438
548,440,439
549,488,439
550,441,439
551,488,440
552,441,442
553,441,445
554,465,443
555,464,443
556,443,444
557,482,443
558,462,444
559,444,483
560,482,444
561,464,444
562,479,444
563,446,445
564,446,477
565,448,447
566,447,481
567,447,462
568,448,436
569,448,484
570,448,485
571,448,481
572,449,450
573,449,478
574,489,449
575,449,472
576,451,450
577,473,450
578,474,450
579,451,454
580,451,452
581,453,454
582,459,454
583,458,455
584,492,456
585,457,456
586,458,457
587,458,459
588,459,466
589,460,459
590,460,461
591,460,466
592,460,467
593,460,480
594,460,468
595,460,470
596,462,461
597,468,461
598,461,487
599,461,480
600,462,481
601,462,483
602,472,463
603,463,475
604,476,463
605,490,463
606,464,479
607,465,464
608,464,482
609,465,479
610,467,466
611,467,480
612,470,468
613,468,487
614,471,469
615,470,469
616,470,471
617,470,485
618,470,487
619,486,471
620,471,485
621,478,472
622,489,472
623,476,472
624,476,475
625,472,475
626,477,491
627,477,498
628,479,461
629,479,480
630,485,481
631,487,481
632,482,483
633,464,483
634,484,481
635,471,484
636,484,485
637,487,485
638,448,487
639,471,487
640,490,489
641,498,491
642,497,492
643,492,498
644,492,493
645,493,494
646,493,496
647,497,493
648,494,496
649,494,495
650,497,496
651,497,498
652,600,601
653,600,308
654,601,602
655,602,603
656,615,602
657,604,603
658,622,603
659,626,603
660,605,604
661,604,626
662,605,606
663,633,605
664,605,628
665,605,642
666,607,606
667,606,634
668,640,606
669,607,608
670,607,632
671,608,609
672,609,610
673,609,631
674,645,609
675,611,610
676,631,610
677,611,641
678,630,611
679,641,612
680,613,612
681,636,612
682,613,614
683,624,613
684,615,614
685,614,621
686,616,617
687,616,618
688,619,616
689,620,616
690,624,616
691,623,617
692,621,617
693,618,617
694,624,617
695,619,618
696,626,618
697,619,626
698,619,620
699,619,628
700,619,642
701,620,628
702,624,620
703,636,620
704,622,623
705,642,628
706,635,628
707,630,645
708,630,631
709,630,638
710,645,631
711,645,632
712,640,632
713,633,642
714,633,634
715,634,643
716,640,634
717,636,637
718,636,628
719,637,641
720,637,639
721,637,638
722,638,641
723,638,639
724,644,639
725,640,644
726,642,643
727,628,643
728,644,643
729,645,644
